Workbook

Sheet raw
A1: mode | B1: run | C1: wall_ms | D1: gpu_ms | E1: cpu_cores | F1: width | G1: height | H1: light_intensity | I1: reflection_rays | J1: radiosity_workgroups_per_frame | K1: render_scale | L1: raytracer_workgroup | M1: photons_per_workgroup
A2: gpu | B2: 1 | C2: 8.7 | D2: 4.5875 | F2: 1362 | G2: 582 | H2: 1 | I2: 5 | J2: 1024 | K2: 1 | L2: 16x16 | M2: 256
A3: gpu | B3: 2 | C3: 10.1 | D3: 6.5536 | F3: 1362 | G3: 582 | H3: 1 | I3: 5 | J3: 1024 | K3: 1 | L3: 16x16 | M3: 256
A4: gpu | B4: 3 | C4: 7 | D4: 4.6531 | F4: 1362 | G4: 582 | H4: 1 | I4: 5 | J4: 1024 | K4: 1 | L4: 16x16 | M4: 256
A5: gpu | B5: 4 | C5: 9.2 | D5: 5.1118 | F5: 1362 | G5: 582 | H5: 1 | I5: 5 | J5: 1024 | K5: 1 | L5: 16x16 | M5: 256
A6: gpu | B6: 5 | C6: 8.1 | D6: 4.5875 | F6: 1362 | G6: 582 | H6: 1 | I6: 5 | J6: 1024 | K6: 1 | L6: 16x16 | M6: 256
A7: gpu | B7: 6 | C7: 9.1 | D7: 5.7672 | F7: 1362 | G7: 582 | H7: 1 | I7: 5 | J7: 1024 | K7: 1 | L7: 16x16 | M7: 256
A8: gpu | B8: 7 | C8: 4.2 | D8: 1.9661 | F8: 1362 | G8: 582 | H8: 1 | I8: 5 | J8: 1024 | K8: 1 | L8: 16x16 | M8: 256
A9: gpu | B9: 8 | C9: 5.2 | D9: 1.835 | F9: 1362 | G9: 582 | H9: 1 | I9: 5 | J9: 1024 | K9: 1 | L9: 16x16 | M9: 256
A10: gpu | B10: 9 | C10: 4.7 | D10: 1.7039 | F10: 1362 | G10: 582 | H10: 1 | I10: 5 | J10: 1024 | K10: 1 | L10: 16x16 | M10: 256
A11: gpu | B11: 10 | C11: 4 | D11: 1.835 | F11: 1362 | G11: 582 | H11: 1 | I11: 5 | J11: 1024 | K11: 1 | L11: 16x16 | M11: 256
A12: cpu_sequential | B12: 1 | C12: 745.2 | E12: 1 | F12: 1362 | G12: 582 | H12: 1 | I12: 5 | J12: 1024 | K12: 1 | L12: 16x16 | M12: 256
A13: cpu_sequential | B13: 2 | C13: 717 | E13: 1 | F13: 1362 | G13: 582 | H13: 1 | I13: 5 | J13: 1024 | K13: 1 | L13: 16x16 | M13: 256
A14: cpu_sequential | B14: 3 | C14: 721 | E14: 1 | F14: 1362 | G14: 582 | H14: 1 | I14: 5 | J14: 1024 | K14: 1 | L14: 16x16 | M14: 256
A15: cpu_sequential | B15: 4 | C15: 731.7 | E15: 1 | F15: 1362 | G15: 582 | H15: 1 | I15: 5 | J15: 1024 | K15: 1 | L15: 16x16 | M15: 256
A16: cpu_sequential | B16: 5 | C16: 727.3 | E16: 1 | F16: 1362 | G16: 582 | H16: 1 | I16: 5 | J16: 1024 | K16: 1 | L16: 16x16 | M16: 256
A17: cpu_sequential | B17: 6 | C17: 726.5 | E17: 1 | F17: 1362 | G17: 582 | H17: 1 | I17: 5 | J17: 1024 | K17: 1 | L17: 16x16 | M17: 256
A18: cpu_sequential | B18: 7 | C18: 706.1 | E18: 1 | F18: 1362 | G18: 582 | H18: 1 | I18: 5 | J18: 1024 | K18: 1 | L18: 16x16 | M18: 256
A19: cpu_sequential | B19: 8 | C19: 732.3 | E19: 1 | F19: 1362 | G19: 582 | H19: 1 | I19: 5 | J19: 1024 | K19: 1 | L19: 16x16 | M19: 256
A20: cpu_sequential | B20: 9 | C20: 774.9 | E20: 1 | F20: 1362 | G20: 582 | H20: 1 | I20: 5 | J20: 1024 | K20: 1 | L20: 16x16 | M20: 256
A21: cpu_sequential | B21: 10 | C21: 710.4 | E21: 1 | F21: 1362 | G21: 582 | H21: 1 | I21: 5 | J21: 1024 | K21: 1 | L21: 16x16 | M21: 256
A22: cpu_parallel | B22: 1 | C22: 389.2 | E22: 2 | F22: 1362 | G22: 582 | H22: 1 | I22: 5 | J22: 1024 | K22: 1 | L22: 16x16 | M22: 256
A23: cpu_parallel | B23: 2 | C23: 368.8 | E23: 2 | F23: 1362 | G23: 582 | H23: 1 | I23: 5 | J23: 1024 | K23: 1 | L23: 16x16 | M23: 256
... A51: cpu_parallel | B51: 10 | C51: 111.4 | E51: 8 | F51: 1362 | G51: 582 | H51: 1 | I51: 5 | J51: 1024 | K51: 1 | L51: 16x16 | M51: 256

Sheet data-analysis
A1: mode | B1: cpu_cores | C1: avg. time (ms) | D1: actual speed up | E1: efficiency | F1: amdahl speedup | G1: parallel fraction | H1: 0.98
A2: cpu_sequential | B2: 1 | C2: =averageifs(raw!C:C,raw!A:A,A2) -> 729.24 | D2: =$C$2/C2 -> 1 | E2: =IF(B2="","",D2/B2) -> 1 | F2: =IF(B2="","",1/((1-$H$1)+$H$1/B2)) -> 1
A3: cpu_parallel | B3: 2 | C3: =averageifs(raw!C:C,raw!A:A,A3,raw!E:E,B3) -> 373.13 | D3: =$C$2/C3 -> 1.9543859 | E3: =IF(B3="","",D3/B3) -> 0.97719294 | F3: =IF(B3="","",1/((1-$H$1)+$H$1/B3)) -> 1.9607843
A4: cpu_parallel | B4: 4 | C4: =averageifs(raw!C:C,raw!A:A,A4,raw!E:E,B4) -> 200.74 | D4: =$C$2/C4 -> 3.6327588 | E4: =IF(B4="","",D4/B4) -> 0.9081897 | F4: =IF(B4="","",1/((1-$H$1)+$H$1/B4)) -> 3.7735849
A5: cpu_parallel | B5: 8 | C5: =averageifs(raw!C:C,raw!A:A,A5,raw!E:E,B5) -> 122.59 | D5: =$C$2/C5 -> 5.9486092 | E5: =IF(B5="","",D5/B5) -> 0.74357615 | F5: =IF(B5="","",1/((1-$H$1)+$H$1/B5)) -> 7.0175439
A7: gpu | C7: =averageifs(raw!C:C,raw!A:A,A7) -> 7.03 | D7: =$C$2/C7 -> 103.73257
A9: cpu_cores | B9: actual speed up | C9: amdahl speedup
A10: 2 | B10: =D3 -> 1.9543859 | C10: =F3 -> 1.9607843
A11: 4 | B11: =D4 -> 3.6327588 | C11: =F4 -> 3.7735849
A12: 8 | B12: =D5 -> 5.9486092 | C12: =F5 -> 7.0175439

Sheet graphing
A1: mode | B1: cpu_cores | C1: avg time | E1: mode | F1: avg time
A2: cpu_sequential | B2: 1 | C2: =averageifs(raw!C:C,raw!A:A,A2) -> 729.24 | E2: cpu_sequential | F2: =C2 -> 729.24
A3: cpu_parallel | B3: 2 | C3: =averageifs(raw!C:C,raw!A:A,A3,raw!E:E,B3) -> 373.13 | E3: cpu_parallel | F3: =C5 -> 122.59
A4: cpu_parallel | B4: 4 | C4: =averageifs(raw!C:C,raw!A:A,A4,raw!E:E,B4) -> 200.74 | E4: gpu | F4: 7.03
A5: cpu_parallel | B5: 8 | C5: =averageifs(raw!C:C,raw!A:A,A5,raw!E:E,B5) -> 122.59
